job_title,company_name,location,scrapped_date
Junior React Developer,Team Remotely Inc,"Columbus, OH",2024-05-02
Junior Front-End Developer,HireMeFast LLC,"New York, NY",2024-05-02
Front End Engineer,Synapse,"South San Francisco, CA",2024-05-02
Junior Front-End Web Developer,Two Barrels LLC,"Spokane, WA",2024-05-02
Junior Frontend Engineer (JavaScript/HTML/CSS),Patterned Learning Career,"Detroit, MI",2024-05-02
Junior Frontend Engineer (JavaScript/HTML/CSS),Team Remotely Inc,"Charlotte, NC",2024-05-02
Junior React Developer - Remote,HireMeFast LLC,"Los Angeles, CA",2024-05-02
Front End Developer,"eTek IT Services, Inc.","Pittsburgh, PA",2024-05-02
Junior React Developer,HireMeFast LLC,"Houston, TX",2024-05-02
Junior Front End Engineer,minware,"Philadelphia, PA",2024-05-02
Junior Front End Engineer,minware,"Portland, OR",2024-05-02
Junior Front End Engineer,minware,"Denver, CO",2024-05-02
Junior Front End Engineer,minware,"Phoenix, AZ",2024-05-02
Junior Front End Engineer,minware,"New York, NY",2024-05-02
Junior Front End Engineer,minware,"Chicago, IL",2024-05-02
Junior Front End Engineer,minware,"Ann Arbor, MI",2024-05-02
Frontend Developer Intern,Soulstice Dating,"Dallas, TX",2024-05-02
Junior Front End Engineer,minware,"Los Angeles, CA",2024-05-02
Junior Front End Engineer,minware,"Charlotte, NC",2024-05-02
Junior Front End Engineer,minware,"Seattle, WA",2024-05-02
Frontend Engineer,Porter,"New York, NY",2024-05-02
Frontend Developer Intern,Soulstice Dating,"Plano, TX",2024-05-02
Frontend Developer Intern,Soulstice Dating,"Frisco, TX",2024-05-02
Front End Web Developer,"Donato Technologies, Inc.","Austin, TX",2024-05-02
UI Front End Developer,PictureU,"Sandy Springs, GA",2024-05-02
Frontend Software Engineer,Lumafield,"San Francisco, CA",2024-05-02
Junior Front End Engineer,minware,"San Francisco, CA",2024-05-02
Junior Front End Engineer,minware,"St Louis, MO",2024-05-02
Junior Front End Engineer,minware,"Lehi, UT",2024-05-02
Junior Front End Engineer,minware,"Atlanta, GA",2024-05-02
Junior Front End Engineer,minware,"Minneapolis, MN",2024-05-02
Junior Front End Engineer,minware,"Austin, TX",2024-05-02
Junior Front End Engineer,minware,"Boston, MA",2024-05-02
Junior Front End Engineer,minware,"Dallas, TX",2024-05-02
Frontend Developer,Momento USA LLC,"Denver, CO",2024-05-02
Junior Front End Engineer,minware,"Washington, DC",2024-05-02
Frontend Developer,Omneky,"Sunnyvale, CA",2024-05-02
Junior Front End Engineer,minware,"Houston, TX",2024-05-02
Frontend Engineer,StackAI,"San Francisco, CA",2024-05-02
Frontend Developer,SalonUltimate,"Austin, Texas Metropolitan Area",2024-05-02
Junior Front End Engineer,minware,"Miami, FL",2024-05-02
"Frontend Engineer, Elements",Stripe,United States,2024-05-02
Front End Developer,Cirkul,"Tampa, FL",2024-05-02
Front End Web Developer,Latitude Inc,"Cockeysville, MD",2024-05-02
Front-End Engineer,Lever Middleware Test Company 2,"San Francisco, CA",2024-05-02
Front-End Software Engineer (Remote),Bask Health,"New York, NY",2024-05-02
Junior Web Developer - Remote,HireMeFast LLC,"Huntsville, AL",2024-05-02
Frontend Web Engineer,Novig,"New York, NY",2024-05-02
Front End Web Developer,"The Timberline Group, LLC","St Louis, MO",2024-05-02
Frontend Developer,Bestever AI,San Francisco Bay Area,2024-05-02
Javascript Web Developer,Good Inside,"New York, NY",2024-05-02
Front End Engineer,Get Covered,"Seattle, WA",2024-05-02
Frontend Developer,Digital Janet,"Sunnyvale, CA",2024-05-02
Front-end Engineer,"Unreal Staffing, Inc","Washington, DC",2024-05-02
Javascript Developer,HireMeFast LLC,"Los Angeles, CA",2024-05-02
Front End Web Developer,"Tailored Brands, Inc.",United States,2024-05-02
Front End Developer,Stellent IT,"New York, NY",2024-05-02
Frontend Developer (React & TypeScript),Cognitus,"Dallas, TX",2024-05-02
React Developer,Mobomo,United States,2024-05-02
