Role,Company Name,Location,Posted Date,Job Description
Software Engineer,torcai digital media private limited,Dehradun,few days ago,Roles and ResponsibilitiesActively participate in design and development of on-going products.maintains active relationships with stakeholders to determine business requiremen...
Software Engineer,DBXento Systems Pvt. Ltd.,Pune,few days ago,"Software Engineer Pune ,  India  / Research and Development  Software Development  / Full-TimeIf youre one of the best and brightest ,  a highly-motivated innovator ,  a fast ..."
Software Engineer,NIPPON DATA SYSTEM,"Delhi,  Delhi/NCR",few days ago,"Job Description : As a software engineer ,  youll work in a constantly evolving environment ,  due to technological advances and the strategic direction of the organisation yo..."
Software Engineer,YsecIT softwares India Private Limited.,Bengaluru / Bangalore,1 day ago,"Role Software EngineerExperience 5 YrsSkills Strong Experience in System Analysis ,  Web Application Designs ,  Development ,  Documentation ,  DeploymentExcellent knowledge i..."
Software Engineer,immidart technologies llp,Bengaluru / Bangalore,1 day ago,"Software Engineer Primary skills3-4 years of experience in IT ,  Product DevelopmentExperience in MS .net MVC ,  JQuery ,  Web API ,  SQL Server.Strong analytical and problem ..."
Software Engineer,ixia solutions llp,"Navi Mumbai,  Mumbai",1 day ago,"Job Profile: Deliver quality code that meets the business requirements in a timely manner  ( in line with the project schedule ) Participate in ,  and contribute to ,  technic..."
Software Engineer,Finoux Solutions Private Limited,Mumbai,1 day ago,"Software EngineerPassionate programmers and coding enthusiasts with 2-4 years of work experience on ASP.net ,  c# ,  Javascript and SQL Server.Good .net framework knowledge.mu..."
Software Engineer,Vegayan Systems,Mumbai,few days ago,"Software Engineer Education: BE/B.Tech / MCA / ME /  MTech in CS /  IT from a reputed University Skills: Excellent programming skills in C ,  C  Experience with code design , ..."
Software Engineer,HyreFox Consultants,"Hyderabad/Secunderabad,  Chennai,  Pune,  Bengaluru / Bangalore",few days ago,Candidate should 6 years of experience in Kenan Software.About the roleSoftware Engineers are skilled in solving various technical problems by effectively leveraging the colla...
Software Engineer,hashroot limited,Cochin/ Kochi/ Ernakulam,few days ago,"Eligibility Criteria Expert in web markup ,  including HTML5 and CSS3A thorough understanding of core Javascript language and hands-on with AngularJS / VueJS / ReactJS ( Flux ..."
Software Engineer,Flytxt Mobile Solutions Pvt Ltd,Thiruvananthapuram,1 day ago,Software Engineer Qualification and Experience:BE/B.Tech / MCA / Msc Computers; 2- 4 YearsQualification and Experience BE/B.Tech / MCA / Msc Computers2- 4 Years experienceResp...
Software Engineer,coolboots media pvt ltd,Gurgaon,1 day ago,Software Engineer -PHP Position Name Software Engineer -PHPExp Required 3-4 YearsSkillSet Required Strong knowledge of PHP web frameworksUnderstanding the fully synchronous be...
Software Engineer,MagicSoftware,Pune,1 day ago,Integration developer  ( Magic xpi ) Assist in troubleshooting software application issues.provide assistance and advice to business users in the effective use of applications...
Software Engineer,scientech technologies ltd,Indore,1 day ago,Should be very good in LinuxReady to learn more technologiesReady to travelA high level of technical and scientific knowledge and the ability to apply this knowledge to practi...
Software Engineer,Sardonyx Technologies,Thanjavur,1 day ago,"Software Engineer .net 4.0 ,  c# ,  WCF , MVC ,  Oracle ,  SQL Server  &  MySQL Min 1  years experience in web based applications. Should Possess good working experience in im..."
Software Engineer,gs tecknoserve pvt ltd,Mumbai,1 day ago,"Software Engineer Job Responsibilities:The role is responsible for designing ,  coding and modifying websites ,  from layout to function and according to a clients specificati..."
Software Engineer,ZEUS SYSTEMS PVT. LTD,Mumbai,1 day ago,Software Engineer  ( 0-2 years ) Hiring Now! You have good analytical and reference skills and are open to work on new / different technologies. You are flexible and have the ...
Software Engineer,Statlight Software Solutions,Chennai,2 days ago,"Programmer who will be responsible for developing enterprise application solutions. The programmers will participate in project discovery and definition ,  design ,  coding an..."
Software Engineer,NIRA Systems,Thiruvananthapuram,1 day ago,Software EngineerResponsibilities 2-4 years of technical development experience requiredUnderstanding the customer requirements and implementing the featuresMust possess excel...
Software Engineer,Informatica,Bengaluru / Bangalore,few days ago,"Job Number36514Primary Location: Bangalore ,  Karnataka INExperience Level: Entry LevelTravel Requirement: LimitedBuild Your Career at Informatica We're looking for a diverse ..."
Software Engineer,Informatica,Bengaluru / Bangalore,few days ago,"Job Number36514Primary Location: Bangalore ,  Karnataka INExperience Level: Entry LevelTravel Requirement: LimitedBuild Your Career at Informatica We're looking for a diverse ..."
Software Engineer,c p careers pvt. ltd,"Bengaluru / Bangalore,  Noida/Greater Noida,  Gurgaon,  Indore",few days ago,Software EngineerSalary: 8 L to 15 L.PAJob Location: Noida / Indore / Gurgaon / BangaloreExperience: 2 - 5 YearsHiring Organization: A Leading IT Software CompanyJob Post Date...
Software Engineer,full potential solutions,,few days ago,"Job Description:Analyze ,  design and develop tests and test-automation suites.design and develop a processing platform using various configuration management technologies.dev..."
Software Engineer,Aticara Technology,Bengaluru / Bangalore,few days ago,"Full lifecycle application development.designing ,  coding and debugging applications in various software languages.Software analysis ,  code analysis ,  requirements analysis..."
Software Engineer,Toogit Freelance,Pune,few days ago,"#102 - Software Engineer Job Location: Pune  &  WFHWe are looking for folks who are adept at system programming  (  Algorithms ,  caching ,  memory optimization  ) Having codi..."
